site name,site code,state,system,subsite,latitude,longitude,individual ID,sample date,sample month,sample day,sample year,tidal cycle,dissolved MeHg (pM),dissolved THg (pM),DOC (ug/L),salinity (sonde),"temp (deg C, sonde)",conductivity (uS/cm (sonde),pH (sonde),DO %sat,"DO (mg/L, sonde)",TSS (mg/L),particulate MeHg (pmol/g),particulate THg (pmol/g),Chla (ug/L),Pha (ug/L),nitrate (ug/L),Nitrite  (ug/liter of nitrite as N),Phosphate (ug/l of phosphate as P),ammonia (ug/liter of ammonia as N),,part MeHg DL (pM),diss MeHg DL (pM),diss THg DL (pM),,notes,notes 2,notes 3,,,,,file name for data pull
Route 3 Underpass,3A,NJ,Berry's Creek,,40.81124,-74.09121,3A-High-May,5/18/2016,May,18,2016,High,0.219132447969722,13.575,5175.0,9.8,15.7,16765.7,7.6,,8.7,23.9999999999997,48.492,4873.48477875772,25.0314522824304,8.55828226684962,1303.346,275.0,156.3,1752.7,,0.009,0.0184,0.403,,,,,,,,,2016_Superfund_Data-18Dec2017
Route 3 Underpass,3A,NJ,Berry's Creek,,40.81124,-74.09121,3A-Rise-July,7/12/2016,July,12,2016,Rise,1.46035123357095,25.200,6525.2,9.9,26.7,17490.3,6.9,,3.4,27.4000000000001,45.626,5972.41091031757,19.641964556962,4.75026014892033,347.072,227.3,486.2,1124.5,,0.009,0.0184,0.403,,,,,,,,,2016_Superfund_Data-18Dec2017
Above,A,ME,Penobscot River,,44.76309,-68.80048,A-Rise-May,5/26/2016,May,26,2016,Rise,0.3495963891512,9.366,5135.0,0.3,22.9,647.8,7.4,,,0.5,103.475,3428.66576695772,1.68367516463291,0.05,40.869,BDL,1.5,9.2,,0.009,0.0184,0.403,,,,,,,,,2016_Superfund_Data-18Dec2017
Above,A,ME,Penobscot River,,44.76309,-68.80048,A-Fall-May,5/26/2016,May,26,2016,Fall,0.356084314453683,11.050,5066.5,0.4,19.7,748.6,7.2,,,0.5,119.042,5732.93102758574,2.31557372306329,0.100995857816709,45.838,BDL,5.4,7.9,,0.009,0.0184,0.403,,,,,,,,,2016_Superfund_Data-18Dec2017
Above,A,ME,Penobscot River,,44.76309,-68.80048,A-Rise-July,7/26/2016,July,26,2016,Rise,0.606527468154263,8.666,5244.3,0.0,27.4,10.7,7.5,,8.1,24.6000000000004,56.941,3594.48889229567,3.71328369322412,0.937557483246463,33.686,0.6,4.1,17.8,,0.009,0.0184,0.403,,,,,,,,,2016_Superfund_Data-18Dec2017
Above,A,ME,Penobscot River,,44.76309,-68.80048,A-Fall-July,7/26/2016,July,26,2016,Fall,0.591999041367511,7.466,5190.0,0.0,26.1,107.0,7.5,,7.7,7.84999999999947,29.742,3071.1580745747,3.4434354774042,0.05,37.426,0.1,3.7,18.6,,0.009,0.0184,0.403,,,,,,,,,2016_Superfund_Data-18Dec2017
East Union,EU,NJ,Berry's Creek,,40.82057,-74.08614,EU-High-May,5/16/2016,May,16,2016,High,0.737867411378903,32.832,6530.3,7.1,16.1,12429.7,8.4,,,29.1333333333329,150.036,11357.2251783326,112.321804612366,0.05,717.386,119.9,88.5,271.9,,0.009,0.0184,0.403,,,,,,,,,2016_Superfund_Data-18Dec2017
East Union,EU,NJ,Berry's Creek,,40.82057,-74.08614,EU-Rise-July,7/12/2016,July,12,2016,Rise,2.32703999159451,45.747,6718.8,8.9,25.8,15512.0,7.0,,3.1,35.2666666666674,109.912,17116.2593217335,18.1408317862166,4.42124310267228,300.051,114.6,459.1,436.3,,0.009,0.0184,0.403,,,,,,,,,2016_Superfund_Data-18Dec2017
Laurel Hill,LH,NJ,Hackensack River,,40.7627,-74.08808,LH-High-May,5/18/2016,May,18,2016,High,0.173276124764146,11.774,4048.8,14.5,14.8,23998.3,7.3,,7.3,22.1499999999999,17.622,3157.05879058363,5.99983871253165,0.873213619068355,1234.740,154.4,141.2,728.1,,0.009,0.0184,0.403,,,,,,,,,2016_Superfund_Data-18Dec2017
Laurel Hill,LH,NJ,Hackensack River,,40.7627,-74.08808,LH-rise-July,7/14/2016,July,14,2016,Rise,0.560827299032703,12.126,4917.3,14.2,26.8,24316.0,7.3,,3.6,28.4499999999994,13.951,1934.70284542729,3.60673670886076,2.25730329113924,682.129,137.6,392.9,483.8,,0.009,0.0184,0.403,,,,,,,,,2016_Superfund_Data-18Dec2017
Marsh,M,ME,Penobscot River,,44.59109,-68.86432,M-Fall-May,5/25/2016,May,25,2016,Fall,0.083155122879548,10.920,4114.4,12.4,15.7,20735.3,7.2,,,11.4999999999998,29.293,1460.40648394402,2.98233733956962,0.05,45.904,BDL,16.9,BDL,,0.009,0.0184,0.403,,,,,,,,,2016_Superfund_Data-18Dec2017
Marsh,M,ME,Penobscot River,,44.59109,-68.86432,M-Low-May,5/25/2016,May,25,2016,Low,0.14937413911347,13.689,3933.7,7.0,15.8,12165.0,7.2,,,22.8666666666678,51.180,2795.52918766675,2.19393448151899,8.15703110708101,15.460,BDL,7.1,BDL,,0.009,0.0184,0.403,,,,,,,,,2016_Superfund_Data-18Dec2017
Marsh,M,ME,Penobscot River,,44.59109,-68.86432,M-Rise-May,5/25/2016,May,25,2016,Rise,0.189192189969837,8.682,5504.2,9.7,16.6,16645.0,7.4,,,10.3,24.522,1267.57791925109,1.13828717591772,1.69902017534204,46.905,BDL,13.0,4.0,,0.009,0.0184,0.403,,,,,,,,,2016_Superfund_Data-18Dec2017
Marsh,M,ME,Penobscot River,,44.59109,-68.86432,M-High-May,5/25/2016,May,25,2016,High,0.117791772798576,9.288,4126.9,12.7,15.7,21168.0,7.4,,,11.2999999999994,18.092,1929.71674991175,2.05182237252321,0.32225203078346,41.403,BDL,7.9,21.1,,0.009,0.0184,0.403,,,,,,,,,2016_Superfund_Data-18Dec2017
Marsh,M,ME,Penobscot River,,44.59109,-68.86432,M-Fall-July,7/24/2016,July,24,2016,Fall,0.111662242525338,7.247,3589.8,15.7,20.3,25799.7,7.6,,7.2,22.0000000000002,6.906,308.157087772222,3.37896376272028,1.23870976669149,36.502,BDL,18.3,31.1,,0.009,0.0184,0.403,,,,,,,,,2016_Superfund_Data-18Dec2017
Marsh,M,ME,Penobscot River,,44.59109,-68.86432,M-Low-July,7/24/2016,July,24,2016,Low,0.231751742351152,11.430,4053.6,14.1,22.4,23329.7,7.5,,8.0,52.6,43.246,2656.90968084763,27.4769357351509,3.05944534177215,5.252,BDL,6.4,BDL,,0.009,0.0184,0.403,,,,,,,,,2016_Superfund_Data-18Dec2017
Marsh,M,ME,Penobscot River,,44.59109,-68.86432,M-Rise 1-July,7/24/2016,July,24,2016,Rise,0.043483263601581,,,14.67,22.41,24247.0,7.64,100.5,8.06,44.333333333333,22.309,1462.54984278161,5.18740134028295,1.30608689501117,40.300,0.6,17.0,16.5,,0.009,0.0184,0.403,,,,,,,,,2016_Superfund_Data-18Dec2017
Marsh,M,ME,Penobscot River,,44.59109,-68.86432,M-Rise 2-July,7/24/2016,July,24,2016,HIgh,0.131148675843255,,,18.93,21.58,30538.3,7.59,98.1,7.80,24.2000000000004,6.279,479.113011243009,3.24383939090111,0.644343668504825,38.410,BDL,15.6,25.5,,0.009,0.0184,0.403,,,,,,,,,2016_Superfund_Data-18Dec2017
Moose Point,MP,ME,Penobscot River,,44.43203,-68.94191,MP-Rise-May,5/24/2016,May,24,2016,Rise,BDL,4.331,2343.0,26.3,12.7,41010.0,7.8,,,21.0,2.592,103.450616770137,6.39250849444725,1.75978763813941,82.190,1.8,6.5,59.0,,0.009,0.0184,0.403,,,,,,,,,2016_Superfund_Data-18Dec2017
Moose Point,MP,ME,Penobscot River,,44.43203,-68.94191,MP-Fall-May,5/24/2016,May,24,2016,Fall,0.015129894736844,3.893,2466.9,26.6,14.0,41457.7,8.1,,,18.7,2.854,105.731023802707,6.26246976475949,0.816738757080508,40.007,2.5,6.4,34.6,,0.009,0.0184,0.403,,,,,,,,,2016_Superfund_Data-18Dec2017
Moose Point,MP,ME,Penobscot River,,44.43203,-68.94191,MP-Rise-July,7/24/2016,July,24,2016,Rise,0.025193016057816,3.100,1653.8,32.3,21.1,49239.7,8.1,,11.9,23.5,2.495,354.610171479871,1.65959523454952,0.394145471332837,2.419,BDL,6.3,26.7,,0.009,0.0184,0.403,,,,,,,,,2016_Superfund_Data-18Dec2017
Moose Point,MP,ME,Penobscot River,,44.43203,-68.94191,MP-Fall-July,7/24/2016,July,24,2016,Fall,0.022022459262777,2.034,1540.5,32.4,16.8,49405.7,7.8,,8.2,29.3000000000001,2.901,127.95251453782,3.37687052523054,1.36993004038032,95.735,BDL,5.4,17.0,,0.009,0.0184,0.403,,,,,,,,,2016_Superfund_Data-18Dec2017
Veteran's Park,VP,NJ,Hackensack River,,40.67028,-74.12708,VP-High-May,5/18/2016,May,18,2016,High,0.064179850292249,5.439,2409.4,22.1,13.5,35152.5,7.4,,7.9,24.4499999999999,5.800,1891.72140608003,2.80711388610127,0.684099665178734,477.939,50.6,92.5,513.7,,0.009,0.0184,0.403,,,,,,,,,2016_Superfund_Data-18Dec2017
Veteran's Park,VP,NJ,Hackensack River,,40.67028,-74.12708,VP-Rise-July,7/13/2016,July,13,2016,Rise,0.092139374529696,4.518,2590.1,21.7,25.6,34718.8,7.7,,7.5,21.2000000000003,7.634,2147.33923348098,10.1923106478034,0.642896293373045,431.159,47.9,159.8,353.1,,0.009,0.0184,0.403,,,,,,,,,2016_Superfund_Data-18Dec2017
Orrington,O,ME,Penobscot River,,44.69021,-68.81847,O-Rise-May,5/25/2016,May,25,2016,Rise,0.254094840047342,10.563,5242.1,0.8,19.5,1706.0,7.5,,,3.84999999999991,50.040,2298.12204474165,2.0736504572827,0.323817556263966,30.028,BDL,0.8,10.4,,0.009,0.0184,0.403,,,,,,,,,2016_Superfund_Data-18Dec2017
Orrington,O,ME,Penobscot River,,44.69021,-68.81847,O-Fall-May,5/25/2016,May,25,2016,Fall,0.31532727834408,12.220,5248.0,1.7,19.7,3073.7,7.5,,,1.55000000000083,84.053,4323.85563851069,0.319202130658228,2.82110726702177,37.965,BDL,4.1,12.3,,0.009,0.0184,0.403,,,,,,,,,2016_Superfund_Data-18Dec2017
Orrington,O,ME,Penobscot River,,44.69021,-68.81847,O-Rise-July,7/25/2016,July,25,2016,Rise,0.235958215909906,8.460,4821.6,4.7,26.7,8386.3,7.4,,8.6,10.8499999999996,35.651,1535.9512187825,4.15284325433063,0.05,40.521,0.0,13.9,27.4,,0.009,0.0184,0.403,,,,,,,,,2016_Superfund_Data-18Dec2017
Orrington,O,ME,Penobscot River,,44.69021,-68.81847,O-Fall-July,7/25/2016,July,25,2016,Fall,0.207167471477174,8.556,3048.7,7.4,22.3,12924.6,7.2,,7.1,22.7333333333348,10.745,664.132881253611,3.66769061099482,0.441620931735484,45.404,BDL,13.2,46.8,,0.009,0.0184,0.403,,,,,,,,,2016_Superfund_Data-18Dec2017
Rutkowski Park,RP,NJ,Hackensack River,,40.68846,-74.11045,RP-High-May,5/18/2016,May,18,2016,High,0.156185837797783,6.030,2883.4,21.9,16.5,34746.3,7.5,,8.2,42.4500000000005,6.573,983.53905274175,40.5917733865295,0.05,516.182,50.6,99.2,335.7,,0.009,0.0184,0.403,,,,,,,,,2016_Superfund_Data-18Dec2017
Rutkowski Park,RP,NJ,Hackensack River,,40.68846,-74.11045,RP-Rise-July,7/13/2016,July,13,2016,Rise,1.17194458982095,8.364,3442.1,20.5,29.0,35426.0,7.7,,8.9,65.2499999999998,34.390,2136.43346975184,11.5648877477908,3.53284286017567,161.101,27.8,241.0,286.8,,0.009,0.0184,0.403,,,,,,,,,2016_Superfund_Data-18Dec2017
Stiletto's,ST,NJ,Berry's Creek,,40.82857,-74.07998,ST-Fall-May,5/17/2016,May,17,2016,Fall,1.61711957054002,83.884,7960.1,5.1,15.1,9080.0,8.3,,,66.7499999999999,293.081,32586.9088656816,233.076032469258,0.05,BDL,BDL,15.4,12.3,,0.009,0.0184,0.403,,,,,,,,,2016_Superfund_Data-18Dec2017
Stiletto's,ST,NJ,Berry's Creek,,40.82857,-74.07998,ST-Low-May,5/17/2016,May,17,2016,Low,11.2398254785526,89.293,8143.0,3.8,15.8,6870.0,8.6,,,84.375000000001,242.454,15992.2852978341,326.930775818987,0.05,6.458,BDL,23.3,6.8,,0.009,0.0184,0.403,,,,,,,,,2016_Superfund_Data-18Dec2017
Stiletto's,ST,NJ,Berry's Creek,,40.82857,-74.07998,ST-Rise-May,5/17/2016,May,17,2016,Rise,0.429775823730626,49.519,5221.2,5.8,15.7,10161.0,8.6,,,56.8750000000007,215.849,20380.7755598201,261.267036031329,0.05,BDL,BDL,20.4,12.1,,0.009,0.0184,0.403,,,,,,,,,2016_Superfund_Data-18Dec2017
Stiletto's,ST,NJ,Berry's Creek,,40.82857,-74.07998,ST-High-May,5/17/2016,May,17,2016,High,7.43150731513281,45.369,6998.1,6.2,15.3,10850.3,8.0,,,48.3000000000011,275.753,12885.8686921787,405.383929245654,0.05,BDL,BDL,29.6,8.7,,0.009,0.0184,0.403,,,,,,,,,2016_Superfund_Data-18Dec2017
Stiletto's,ST,NJ,Berry's Creek,,40.82857,-74.07998,ST-Fall-July,7/12/2016,July,12,2016,Fall,3.52501397309803,69.228,7208.4,8.0,26.5,14312.5,7.0,,4.3,18.6666666666658,400.193,56491.6831711918,19.1607550991163,3.07294973107237,145.925,31.6,306.4,369.7,,0.009,0.0184,0.403,,,,,,,,,2016_Superfund_Data-18Dec2017
Stiletto's,ST,NJ,Berry's Creek,,40.82857,-74.07998,ST-Low-July,7/12/2016,July,12,2016,Low,4.18227260530355,68.047,7026.6,6.8,26.0,12038.8,7.1,,3.5,15.9999999999994,437.334,50540.5205629918,20.4432874189341,3.27210173200933,124.657,30.3,294.4,311.6,,0.009,0.0184,0.403,,,,,,,,,2016_Superfund_Data-18Dec2017
Stiletto's,ST,NJ,Berry's Creek,,40.82857,-74.07998,ST-Rise 1-July,7/12/2016,July,12,2016,Rise,2.77265443838281,,,4.700,24.0,8279.7,7.0,18.3,1.5,31.0666666666653,137.793,25299.6294780081,27.403947534223,1.37451423048284,319.280,88.7,416.0,299.9,,0.009,0.0184,0.403,,,,,,,,,2016_Superfund_Data-18Dec2017
Stiletto's,ST,NJ,Berry's Creek,,40.82857,-74.07998,ST-Rise 2-July,7/12/2016,July,12,2016,High,2.896687656352,,,4.433,24.9,7969.0,7.0,29.3,2.4,22.5333333333341,179.180,15116.7860504275,32.2893341772152,0.09968394043187,224.237,57.0,401.3,219.3,,0.009,0.0184,0.403,,,,,,,,,2016_Superfund_Data-18Dec2017
Verona,V,ME,Penobscot River,,44.56907,-68.79124,V-Fall-May,5/24/2016,May,24,2016,Fall,0.051682327824149,5.949,3195.6,22.5,11.7,35646.3,7.7,,,14.1500000000008,9.442,478.641299150828,2.52609170520394,0.05,,,,,,0.009,0.0184,0.403,,,,,,,,,2016_Superfund_Data-18Dec2017
Verona,V,ME,Penobscot River,,44.56907,-68.79124,V-Low-May,5/24/2016,May,24,2016,Low,0.126280453898287,8.180,4173.3,14.4,13.0,23778.0,7.7,,10.1,13.4500000000006,21.886,1317.82025613752,1.72056170822785,0.274498722772152,44.105,BDL,11.1,19.5,,0.009,0.0184,0.403,,,,,,,,,2016_Superfund_Data-18Dec2017
Verona,V,ME,Penobscot River,,44.56907,-68.79124,V-Rise-May,5/24/2016,May,24,2016,Rise,0.06956687046821,8.096,4132.3,14.6,13.7,24196.3,7.8,,,22.7500000000003,7.507,388.382209549712,1.67764131581716,0.234244150987286,53.280,BDL,12.4,21.2,,0.009,0.0184,0.403,,,,,,,,,2016_Superfund_Data-18Dec2017
Verona,V,ME,Penobscot River,,44.56907,-68.79124,V-High-May,5/24/2016,May,24,2016,High,0.0785648516435,8.684,3935.4,16.0,13.9,26300.0,7.7,,,16.3500000000001,7.150,426.926461346005,1.80893527708861,0.05,52.774,BDL,15.5,20.8,,0.009,0.0184,0.403,,,,,,,,,2016_Superfund_Data-18Dec2017
Verona,V,ME,Penobscot River,,44.56907,-68.79124,V-Fall-July,7/25/2016,July,25,2016,Fall,0.068889484733411,4.122,2243.2,27.2,16.2,42285.0,7.6,,8.0,28.6,8.544,492.452798913354,6.25609422595275,0.05,21.325,BDL,17.2,9.6,,0.009,0.0184,0.403,,,,,,,,,2016_Superfund_Data-18Dec2017
Verona,V,ME,Penobscot River,,44.56907,-68.79124,V-Low-July,7/25/2016,July,25,2016,Low,0.128138720920764,6.466,3126.7,20.5,19.2,32864.3,7.5,,7.8,28.8499999999994,8.745,508.917817965034,6.80667005555874,0.05,33.094,BDL,17.4,31.0,,0.009,0.0184,0.403,,,,,,,,,2016_Superfund_Data-18Dec2017
Verona,V,ME,Penobscot River,,44.56907,-68.79124,V-Rise-July,7/25/2016,July,25,2016,Rise,0.088760576526751,6.698,3390.3,19.2,21.4,30884.7,7.4,,8.1,18.1499999999994,6.402,504.312001120872,5.89426337932428,0.05,35.372,BDL,17.9,29.9,,0.009,0.0184,0.403,,,,,,,,,2016_Superfund_Data-18Dec2017
Verona,V,ME,Penobscot River,,44.56907,-68.79124,V-High-July,7/25/2016,July,25,2016,High,0.064686050658549,5.851,2560.3,,,,,,,27.9500000000006,10.593,755.106113867307,4.64151659899689,0.067872080248389,19.933,BDL,17.1,BDL,,0.009,0.0184,0.403,,,,,,,,,2016_Superfund_Data-18Dec2017
Barn Island,BI-H,CT,Long Island Sound,HOC,41.34012,-71.87455,BI-HOC-HT1,,August,,2015,High,0.190,3.822,3322.15051023269,31.89,24.75,48731.33,7.88,116.9,8.36,29.504,6.30422993492408,80.8026030368763,2.143,0.878,BDL,BDL,5.9,27.6,,,,,,,,,,,,,2015_master_wtercolumnAllFnl_Apr2017
Barn Island,BI-H,CT,Long Island Sound,HOC,41.34012,-71.87455,BI-HOC-HT2,,August,,2015,High,0.539,8.514,8229.36067082683,30.79,23.92,47229,7.38,53.13,3.83,24.471,16.9588492501328,235.707572228352,8.425,0.1,BDL,BDL,12.8,39.8,,,,,,,,,,,,,2015_master_wtercolumnAllFnl_Apr2017
Barn Island,BI-H,CT,Long Island Sound,HOC,41.34012,-71.87455,BI-HOC-LT1,,August,,2015,Low,0.929,8.846,7627.83820297168,26.63,27.97,41487.33,7.29,81.47,5.62,48.008,3.37443759373438,116.480586568905,2.026,0.523,1.139,BDL,17.9,31.3,,,,,,,,,,,,,2015_master_wtercolumnAllFnl_Apr2017
Barn Island,BI-H,CT,Long Island Sound,HOC,41.34012,-71.87455,BI-HOC-LT2,,August,,2015,Low,,,,,,,,,,64.409,2.11150615597199,54.9612631775062,3.857,0.999,BDL,BDL,10.3,38.8,,,,,,,,,,,,,2015_master_wtercolumnAllFnl_Apr2017
Barn Island,BI-L,CT,Long Island Sound,LOC,41.33838,-71.87983,BI-LOC-HT1,,August,,2015,High,,,,31.52,24.37,48221.67,8,136.6,9.85,17.6,6.81818181818182,101.363636363636,1.839,0.337,0.158,BDL,12.0,23.0,,,,,,,,,,,,,2015_master_wtercolumnAllFnl_Apr2017
Barn Island,BI-L,CT,Long Island Sound,LOC,41.33838,-71.87983,BI-LOC-HT2,,August,,2015,High,0.157,3.914,5573.79540821633,31.22,23.52,47811,7.79,106.73,7.74,58.482,3.36855784685886,61.0957217605417,3.37,0.876,BDL,BDL,7.8,BDL,,,,,,,,,,,,,2015_master_wtercolumnAllFnl_Apr2017
Barn Island,BI-L,CT,Long Island Sound,LOC,41.33838,-71.87983,BI-LOC-LT1,,August,,2015,Low,0.336,4.617,5635.26236893748,31.63,23.66,48371.33,7.84,144.6,10.55,57.401,4.61664430933259,60.6958066932632,3.083,0.316,1.491,BDL,7.7,9.6,,,,,,,,,,,,,2015_master_wtercolumnAllFnl_Apr2017
Barn Island,BI-L,CT,Long Island Sound,LOC,41.33838,-71.87983,BI-LOC-LT2,,August,,2015,Low,0.166,7.147,8768.9675351014,,,,,,,119.525,2.88642543400962,102.095795858607,3.374,1.496,BDL,BDL,13.8,BDL,,,,,,,,,,,,,2015_master_wtercolumnAllFnl_Apr2017
Drake's Island,DI-H,ME,Webhannet River,HOC,43.33027,-70.55853,DI-HOC-HT1,,September,,2015,High,0.022,1.745,4805.60508060322,31.64,21.53,48396.67,7.63,113.93,8.6,64.261,0.482407681175207,9.33692286145563,1.701,0.1,BDL,BDL,10.2,29.2,,,,,,,,,,,,,2015_master_wtercolumnAllFnl_Apr2017
Drake's Island,DI-H,ME,Webhannet River,HOC,43.33027,-70.55853,DI-HOC-LT1,,September,,2015,Low,0.085,3.999,5595.0299375975,31.74,25.9,48527,,126.9,8.87,26.833,2.57146051503745,186.710393917937,3.364,0.2,2.129,BDL,15.7,BDL,,,,,,,,,,,,,2015_master_wtercolumnAllFnl_Apr2017
Drake's Island,DI-H,ME,Webhannet River,HOC,43.33027,-70.55853,DI-HOC-LT2,,September,,2015,Low,0.103,2.442,3207.33666105971,32.66,24.91,49783.5,7.8,117.05,8.29,14.34,2.78940027894003,133.333333333333,2.148,0.243,,BDL,17.7,23.4,,,,,,,,,,,,,2015_master_wtercolumnAllFnl_Apr2017
Drake's Island,DI-L,ME,Webhannet River,LOC,43.32265,-70.55818,DI-LOC-HT1,,September,,2015,High,0.018,2.334,7627.29930837233,31.85,17.52,48679,7.7,105.03,8.52,17.661,1.2456825774305,68.0595662759753,3.402,0.133,BDL,BDL,12.7,BDL,,,,,,,,,,,,,2015_master_wtercolumnAllFnl_Apr2017
Drake's Island,DI-L,ME,Webhannet River,LOC,43.32265,-70.55818,DI-LOC-HT2,,September,,2015,High,0.025,BDL,3107.467275091,32.65,18.55,49766.25,8,111.78,8.87,7.125,5.19298245614035,117.473684210526,1.92,0.1,BDL,BDL,11.7,20.6,,,,,,,,,,,,,2015_master_wtercolumnAllFnl_Apr2017
Drake's Island,DI-L,ME,Webhannet River,LOC,43.32265,-70.55818,DI-LOC-LT1,,September,,2015,Low,0.179,4.831,9830.69400416017,30.98,19.46,47487.33,,77.4,6.09,106.866,0.739243538637172,108.491007429865,2.141,0.416,8.852,BDL,22.9,117.3,,,,,,,,,,,,,2015_master_wtercolumnAllFnl_Apr2017
Goshen Cove,GC-H,CT,Long Island Sound,HOC,41.30648,-72.11813,GC-HOC-HT1,,August,,2015,High,0.063,7.835,,28.81,21.22,44414.33,7.15,42.13,3.26,53.351,3.28016344585856,78.1803527581489,5.509,0.298,26.473,BDL,20.4,107.3,,,,,,,,,,,,,2015_master_wtercolumnAllFnl_Apr2017
Goshen Cove,GC-H,CT,Long Island Sound,HOC,41.30648,-72.11813,GC-HOC-HT2,,August,,2015,High,0.199,6.060,5364.8942724979,30.4,22.69,46691.25,7.58,63.98,4.72,50.517,2.85052556565117,180.533285824574,10.757,0.167,BDL,BDL,5.6,9.1,,,,,,,,,,,,,2015_master_wtercolumnAllFnl_Apr2017
Goshen Cove,GC-H,CT,Long Island Sound,HOC,41.30648,-72.11813,GC-HOC-LT1,,August,,2015,Low,0.367,7.110,4328.53935239697,25.27,26.47,39575,7.38,93.9,6.7,35.679,4.12007062978223,201.070657809916,7.54,0.734,4.746,BDL,6.7,BDL,,,,,,,,,,,,,2015_master_wtercolumnAllFnl_Apr2017
Goshen Cove,GC-H,CT,Long Island Sound,HOC,41.30648,-72.11813,GC-HOC-LT2,,August,,2015,Low,,3.237,3637.97276983459,,,,,,,137.747,0.987317328145078,72.7565754608086,8.131,1.857,3.038,BDL,6.2,BDL,,,,,,,,,,,,,2015_master_wtercolumnAllFnl_Apr2017
Goshen Cove,GC-L,CT,Long Island Sound,LOC,41.30193,-72.11815,GC-LOC-HT1,,August,,2015,High,,,,30.89,21.34,47367,7.67,92.03,6.95,12.594,3.09671272034302,243.766873114181,1.908,0.236,9.373,BDL,20.3,34.4,,,,,,,,,,,,,2015_master_wtercolumnAllFnl_Apr2017
Goshen Cove,GC-L,CT,Long Island Sound,LOC,41.30193,-72.11815,GC-LOC-HT2,,August,,2015,High,,,2153.13677319877,30.94,21.56,47435,7.89,96.8,7.29,16.142,3.84091190682691,,1.984,0.462,4.620,BDL,19.1,BDL,,,,,,,,,,,,,2015_master_wtercolumnAllFnl_Apr2017
Goshen Cove,GC-L,CT,Long Island Sound,LOC,41.30193,-72.11815,GC-LOC-LT1,,August,,2015,Low,0.163,5.444,3799.92426969442,30.35,26.31,46629.33,7.68,120.4,8.37,42.233,3.36229962351715,167.380958018611,5.796,0.445,BDL,BDL,8.1,3.0,,,,,,,,,,,,,2015_master_wtercolumnAllFnl_Apr2017
Goshen Cove,GC-L,CT,Long Island Sound,LOC,41.30193,-72.11815,GC-LOC-LT2,,August,,2015,Low,0.081,2.955,2958.51720493412,,,,,,,20.957,3.34017273464713,264.446247077349,3.308,0.665,BDL,BDL,11.8,BDL,,,,,,,,,,,,,2015_master_wtercolumnAllFnl_Apr2017
Cedar Creek,SB-H,DE,Delaware River,HOC,38.94524,-75.31839,SB-HOC-HT1,,July,,2015,High,0.167,13.136,18781.0481383255,28.69,28.93,44341.4,7.89,103.52,6.93,163.452,7.38443090326212,175.115630276779,38.409,1.021,BDL,BDL,20.5,1.7,,,,,,,,,,,,,2015_master_wtercolumnAllFnl_Apr2017
Cedar Creek,SB-H,DE,Delaware River,HOC,38.94524,-75.31839,SB-HOC-LT1,,July,,2015,Low,0.807,21.275,24376.971175247,28.13,31.68,43565.5,7.15,100,8.11,149.148,11.4584171427039,197.139753801593,12.725,2.429,14.039,11.8,323.8,1359.9,,,,,,,,,,,,,2015_master_wtercolumnAllFnl_Apr2017
Cedar Creek,SB-H,DE,Delaware River,HOC,38.94524,-75.31839,SB-HOC-LT2,,July,,2015,Low,1.936,18.123,21397.8916120645,,,,,,,105.292,11.5488356190404,238.052273677013,12.024,7.308,4.583,4.0,217.7,974.7,,,,,,,,,,,,,2015_master_wtercolumnAllFnl_Apr2017
Slaughter Beach,SB-L,DE,Delaware River,LOC,38.92772,-75.31368,SB-LOC-HT1,,July,,2015,High,0.115,8.002,22041.1729433177,28.33,30.49,43849.33,7.9,127.9,8.38,149.545,6.51308970543983,176.796282055569,37.435,9.442,BDL,BDL,BDL,47.5,,,,,,,,,,,,,2015_master_wtercolumnAllFnl_Apr2017
Slaughter Beach,SB-L,DE,Delaware River,LOC,38.92772,-75.31368,SB-LOC-LT1,,July,,2015,Low,0.117,7.023,10856.8214092564,28.25,27.43,43728,7.76,77.47,5.33,285.596,8.94620372834353,310.533060687124,73.307,0.1,173.478,2.2,24.8,69.3,,,,,,,,,,,,,2015_master_wtercolumnAllFnl_Apr2017
Slaughter Beach,SB-L,DE,Delaware River,LOC,38.92772,-75.31368,SB-LOC-LT2,,July,,2015,Low,0.094,8.567,17042.3149089964,,,,,,,134.198,3.00302538040805,447.964947316652,40.361,2.421,BDL,BDL,10.4,28.0,,,,,,,,,,,,,2015_master_wtercolumnAllFnl_Apr2017
Sea Mist,SM-H,ME,Webhannet River,HOC,43.29498,-70.58145,SV-HOC-HT1,,September,,2015,High,0.124,2.631,2569.29488926269,31.87,23.75,48699.5,7.4,95.85,6.96,19.617,2.24295254116328,66.7788142937248,3.821,0.295,4.447,BDL,10.5,38.9,,,,,,,,,,,,,2015_master_wtercolumnAllFnl_Apr2017
Sea Mist,SM-H,ME,Webhannet River,HOC,43.29498,-70.58145,SV-HOC-LT1,,September,,2015,Low,0.559,7.652,11719.3180291212,29.25,22.49,45130.33,6.57,92.4,6.95,56.233,4.76588480073978,67.1136165596714,37.422,0.157,28.037,BDL,8.0,0.7,,,,,,,,,,,,,2015_master_wtercolumnAllFnl_Apr2017
Sea Mist,SM-L,ME,Webhannet River,LOC,43.29514,-70.58253,SV-LOC-HT1,,September,,2015,High,0.138,2.573,4865.56139885595,32.11,23.41,49020,7.4,93.55,6.82,18.817,5.10176967635649,80.1934421002285,3.55,0.14,2.468,BDL,13.2,1.9,,,,,,,,,,,,,2015_master_wtercolumnAllFnl_Apr2017
Sea Mist,SM-L,ME,Webhannet River,LOC,43.29514,-70.58253,SV-LOC-LT1,,September,,2015,Low,0.497,6.748,13265.0668590744,17.72,21.91,28774,6.8,96.43,7.85,139.115,1.08543291521403,26.0360133702333,18.702,0.295,105.737,BDL,4.5,17.8,,,,,,,,,,,,,2015_master_wtercolumnAllFnl_Apr2017
Duck Creek,WB-H,DE,Delaware River,HOC,39.32567,-75.47513,WB-HOC-HT1,,July,,2015,High,0.112,6.997,8555.43982898795,7.93,28.51,13736,7.7,104.43,7.92,112.333,2.41247006667676,407.37806343639,35.734,0.248,463.412,36.7,50.5,,,,,,,,,,,,,,2015_master_wtercolumnAllFnl_Apr2017
Duck Creek,WB-H,DE,Delaware River,HOC,39.32567,-75.47513,WB-HOC-LT1,,July,,2015,Low,0.137,6.887,8134.56794785534,8.51,26.87,14668.67,7.4,81.83,6.41,121.333,9.05771719153075,241.00615661032,35.049,1.485,358.019,41.0,0.1,,,,,,,,,,,,,,2015_master_wtercolumnAllFnl_Apr2017
Woodland Beach,WB-L,DE,Delaware River,LOC,39.33074,-75.4688,WB-LOC-HT1,,July,,2015,High,0.093,5.871,8503.58841323241,7.91,28.82,13708.33,7.77,107.57,8.12,140.318,3.47068800866603,219.551304893171,55.49,1.688,738.501,48.8,62.4,,,,,,,,,,,,,,2015_master_wtercolumnAllFnl_Apr2017
Woodland Beach,WB-L,DE,Delaware River,LOC,39.33074,-75.4688,WB-LOC-LT1,,July,,2015,Low,0.772,16.119,7806.62457807682,8.12,28.68,14044.67,7.64,100,7.56,132.583,6.011328752555,365.831215163332,18.437,1.314,248.027,24.2,82.1,,,,,,,,,,,,,,2015_master_wtercolumnAllFnl_Apr2017
Jefferson Patterson,JP-L,MD,Chesapeake,LOC,38.39,-76.5065,JP-LOC,,July,,2013,Low,0.079,2.78,3365.04,9.55,28.5433333333333,16340.6666666667,8.12666666666667,,8.62333333333333,14.9,6.936,175.757575757576,17.07,7.87,7.42,,,,,,,,,,,,,,,,OHH2013_SummTab-working
Jefferson Patterson,JP-L,MD,Chesapeake,LOC,38.39,-76.5065,JP-LOC,,July,,2013,High,0.180,2.16,3367.44,11.08,29.5,18747,8.125,,9.89,12.2,5.492,176.229508196721,21.60,6.55,19.04,,,,,,,,,,,,,,,,OHH2013_SummTab-working
Jefferson Patterson,JP-H,MD,Chesapeake,HOC,38.38972,-76.5069,JP-HOC,,July,,2013,Low,0.474,2.75,3951.6,9.76666666666667,27.8966666666667,16678,7.81666666666667,,5.99333333333333,5.9,53.220,535.593220338983,10.01,4.43,4.34,,,,,,,,,,,,,,,,OHH2013_SummTab-working
Jefferson Patterson,JP-H,MD,Chesapeake,HOC,38.38972,-76.5069,JP-HOC,,July,,2013,High,0.067,1.74,3768.84,11.09,31.26,18755.3333333333,7.73333333333333,,10.4666666666667,10.6,13.774,229.245283018868,13.62,6.51,7.7,,,,,,,,,,,,,,,,OHH2013_SummTab-working
Parker's Creek,PC-L,MD,Chesapeake,LOC,38.53622,-76.5175,PC-LOC,,July,,2013,Low,0.085,1.47,2858.4,,,,,,,30.0,1.135,133.889816360601,13.28,5.26,12.32,,,,,,,,,,,,,,,,OHH2013_SummTab-working
Parker's Creek,PC-L,MD,Chesapeake,LOC,38.53622,-76.5175,PC-LOC,,July,,2013,High,0.020,1.79,2834.4,10.135,28.6883333333333,17263.6666666667,8.26333333333334,,8.38166666666667,68.1,1.057,96.769456681351,13.30,11.44,17.36,,,,,,,,,,,,,,,,OHH2013_SummTab-working
Parker's Creek,PC-H,MD,Chesapeake,HOC,38.53542,-76.526,PC-HOC,,July,,2013,Low,0.130,2.99,5763.6,5.08666666666667,26.59,9034.66666666667,7.55333333333333,,3.65666666666667,14.3,6.877,247.017543859649,20.45,7.85,9.38,,,,,,,,,,,,,,,,OHH2013_SummTab-working
Parker's Creek,PC-H,MD,Chesapeake,HOC,38.53542,-76.526,PC-HOC,,July,,2013,High,0.070,1.58,2936.4,9.9825,29.6675,17019.25,8.2425,,9.41,27.3,2.312,125.137614678899,11.57,4.03,1.96,,,,,,,,,,,,,,,,OHH2013_SummTab-working
Barn Island,BI-L,CT,Long Island Sound,LOC,41.33838,-71.87983,BI-LOC,,August,,2013,Low,0.425,4.74,2415.6,,,,,,,8.2,77.790,593.865030674847,26.18,13.01,14.84,,,,,,,,,,,,,,,,OHH2013_SummTab-working
Barn Island,BI-L,CT,Long Island Sound,LOC,41.33838,-71.87983,BI-LOC,,August,,2013,High,1.340,5.45,3132,24.1733333333333,20.4866666666667,38039.3333333333,7,,3.74666666666667,3.7,84.600,497.297297297297,4.88,2.75,28.28,,,,,,,,,,,,,,,,OHH2013_SummTab-working
Barn Island,BI-H,CT,Long Island Sound,HOC,41.34012,-71.87455,BI-HOC,,August,,2013,Low,1.860,9.74,6945.6,,,,,,,6.8,54.741,376.296296296296,27.18,8.74,,,,,,,,,,,,,,,,,OHH2013_SummTab-working
Barn Island,BI-H,CT,Long Island Sound,HOC,41.34012,-71.87455,BI-HOC,,August,,2013,High,2.690,8.68,5448,27.02,20.9766666666667,42028.3333333333,6.99666666666667,,3.59,3.1,112.581,564.516129032258,8.91,4.10,,,,,,,,,,,,,,,,,OHH2013_SummTab-working
Goshen,GC-L,CT,Long Island Sound,LOC,41.30193,-72.11815,GC-LOC,,August,,2013,Low,0.267,1.65,1689.6,,,,,,,25.2,3.121,76.3419483101392,5.04,3.68,6.58,,,,,,,,,,,,,,,,OHH2013_SummTab-working
Goshen,GC-L,CT,Long Island Sound,LOC,41.30193,-72.11815,GC-LOC,,August,,2013,High,0.122,1.60,1309.2,32.5533333333333,21.36,49636,7.32333333333333,,4.76,20.4,2.451,98.5294117647059,4.89,3.07,21.98,,,,,,,,,,,,,,,,OHH2013_SummTab-working
Goshen,GC-H,CT,Long Island Sound,HOC,41.30648,-72.11813,GC-HOC,,August,,2013,Low,0.067,1.77,1677.6,,,,,,,31.5,4.333,73.968253968254,9.35,3.76,,,,,,,,,,,,,,,,,OHH2013_SummTab-working
Goshen,GC-H,CT,Long Island Sound,HOC,41.30648,-72.11813,GC-HOC,,August,,2013,High,0.127,1.95,1801.2,32.38,22.0033333333333,49395.3333333333,7.28666666666667,,4.05333333333333,31.4,3.477,125.677830940989,11.34,4.97,20.58,,,,,,,,,,,,,,,,OHH2013_SummTab-working
Bass Harbor,BH-L,ME,Mt. Desert Island,LOC,44.25297,-68.34876,BH-LOC,,September,,2013,Low,4.175,24.50,21279.96,,,,,,,1.6,143.125,2475,1.16157672969451,1.93152909346323,17.36,,,,,,,,,,,,,,,,OHH2013_SummTab-working
Bass Harbor,BH-L,ME,Mt. Desert Island,LOC,44.25297,-68.34876,BH-LOC,,September,,2013,High,0.571,5.02,5145,28.645,19.01,44279.25,7.645,,8.68,14.15,22.473,431.095406360424,5.35332960102667,4.80453488367703,16.66,,,,,,,,,,,,,,,,OHH2013_SummTab-working
Bass Harbor,BH-H,ME,Mt. Desert Island,HOC,44.25353,-68.3413,BH-HOC,,September,,2013,Low,6.873,16.90,40468.2,,,,,,,2.35,68.085,997.872340425532,2.24302722175999,3.7634520666493,12.32,,,,,,,,,,,,,,,,OHH2013_SummTab-working
Bass Harbor,BH-H,ME,Mt. Desert Island,HOC,44.25353,-68.3413,BH-HOC,,September,,2013,High,5.7225,19.68,28457.76,4.53666666666667,22.2466666666667,8105.33333333333,6.61,,6.23333333333333,12.35,33.158,356.275303643725,2.97046387582654,4.00612924179113,10.08,,,,,,,,,,,,,,,,OHH2013_SummTab-working
Northeast Creek,NEC-L,ME,Mt. Desert Island,LOC,44.4258,-68.33067,NE-LOC,,September,,2013,Low,4.5485,15.87,14298,,,,,,,8.65,41.098,321.387283236994,2.04255866272318,3.06900801405979,5.46,,,,,,,,,,,,,,,,OHH2013_SummTab-working
Northeast Creek,NEC-L,ME,Mt. Desert Island,LOC,44.4258,-68.33067,NE-LOC,,September,,2013,High,2.498,9.03,8878.8,15,19.845,0,7.405,,8.46,19,16.053,104.210526315789,2.44790630654696,2.66908870642239,2.94,,,,,,,,,,,,,,,,OHH2013_SummTab-working
Northeast Creek,NEC-H,ME,Mt. Desert Island,HOC,44.4238,-68.32529,NE-HOC,,September,,2013,Low,6.1525,18.99,16154.4,,,,,,,3.8,101.184,602.631578947368,2.88933533382776,3.15644723974766,5.32,,,,,,,,,,,,,,,,OHH2013_SummTab-working
Northeast Creek,NEC-H,ME,Mt. Desert Island,HOC,44.4238,-68.32529,NE-HOC,,September,,2013,High,2.369,9.41,8928,12,20.61,0,7.16666666666667,,8.10333333333333,19.95,16.892,107.268170426065,2.39677659592873,2.81037991779594,7.84,,,,,,,,,,,,,,,,OHH2013_SummTab-working
Penn Treaty,PT,DE,Delaware River,,39.96545,-75.12945,,7/16/2012,July,,2012,High,0.050,1.01,,0.12,28.14,250.033333333333,7.13333333333333,61.0333333333333,4.73333333333333,7,1.57142857142857,774.285714285714,5.570,,,,,,,,,,,,,,,,,,DERiver2012_SummTab-7Feb2014
Timber Blvd,TB,DE,Delaware River,,39.88037,-75.12694,,7/17/2012,July,,2012,High,BDL,1.43,2760,0.06,28.2825,136.5,6.9025,87.825,6.805,6.3,2.85714285714286,1157.14285714286,7.23,,717.22,,,,,,,,,,,,,,,,DERiver2012_SummTab-7Feb2014
Gen Chem,GC,DE,Delaware River,,39.80062,-75.43884,,7/21/2012,July,,2012,High,0.570,2.53,2550,0.6,27.72,1148.66666666667,7.61,90.7333333333333,6.95666666666667,32.7,1.55963302752294,291.131498470948,10.590,,806.96,,,,,,,,,,,,,,,,DERiver2012_SummTab-7Feb2014
Luken's Marsh,LM,DE,Delaware River,,39.68551,-75.53755,,7/21/2012,July,,2012,High,0.220,2.34,2900,2.5,26.98,4530,7.59,92.3666666666667,7.1,14,5.14084507042254,657.394366197183,15.79,,646.52,,,,,,,,,,,,,,,,DERiver2012_SummTab-7Feb2014
S. of Lukens,SL,DE,Delaware River,,39.67383,-75.5479,,7/21/2012,July,,2012,High,0.460,2.58,2890,2.5,27.2233333333333,4577,7.65666666666667,93.7333333333334,7.17666666666667,28.4,13.7142857142857,1822.85714285714,17.060,,814.52,,,,,,,,,,,,,,,,DERiver2012_SummTab-7Feb2014
Pennsville Landfill,PL,DE,Delaware River,,39.63783,-75.54769,,7/18/2012,July,,2012,High,BDL,3.46,2920,1.5,30.385,2727.5,7.7475,105.575,7.81,30.5,3.47540983606557,630.491803278689,27.84,,494.06,,,,,,,,,,,,,,,,DERiver2012_SummTab-7Feb2014
Buttonwood,BW,DE,Delaware River,,39.45947,-75.50899,,7/19/2012,July,,2012,High,0.280,2.78,3070,5.3,29.3233333333333,9338.16666666667,7.665,96.0333333333333,7.095,26.9,4.75836431226766,560.966542750929,18.600,,365.26,,,,,,,,,,,,,,,,DERiver2012_SummTab-7Feb2014
Sea Breeze,SB,DE,Delaware River,,39.31878,-75.31812,,7/20/2012,July,,2012,High,0.120,2.94,4340,16.8,27.538,27436.6666666667,6.89,85.42,6.258,113.5,2.7488986784141,180.616740088106,14.75,,669.76,,,,,,,,,,,,,,,,DERiver2012_SummTab-7Feb2014
Fortescue,FS,DE,Delaware River,,39.22282,-75.16595,,7/23/2012,July,,2012,High,0.380,2.23,3600,19.3,26.975,31110.1666666667,7.635,103.466666666667,7.19,72.2,8.07479224376731,361.080332409972,71.000,,611.8,,,,,,,,,,,,,,,,DERiver2012_SummTab-7Feb2014
North Beach,NB,DE,Delaware River,,39.12737,-74.88814,,7/23/2012,July,,2012,High,0.065,4.60,6080,20.8,26.8233333333333,33216,7.78333333333333,109.8,7.89,105.5,9.41232227488152,473.364928909953,74.4,,1112.72,,,,,,,,,,,,,,,,
